{"cameraMode":{"drawMode":0,"name":"Shaded","section":"Shading Mode"},"sceneLighting":true,"audioPlay":false,"sceneViewState":{"showFog":true,"showMaterialUpdate":false,"showSkybox":true,"showFlares":true,"showImageEffects":true,"showParticleSystems":true},"in2DMode":false,"pivot":{"x":0.8303584456443787,"y":4.182228088378906,"z":-7.599969863891602},"rotation":{"x":0.02368529513478279,"y":0.01558883860707283,"z":0.00036939227720722556,"w":-0.9995979070663452},"size":14.536272048950196,"orthographic":false}