{"cameraMode":{"drawMode":0,"name":"Shaded","section":"Shading Mode"},"sceneLighting":true,"audioPlay":false,"sceneViewState":{"showFog":true,"showMaterialUpdate":false,"showSkybox":true,"showFlares":true,"showImageEffects":true,"showParticleSystems":true},"in2DMode":false,"pivot":{"x":-0.746826171875,"y":3.9267578125,"z":-4.0234375},"rotation":{"x":0.19523435831069947,"y":0.0058845030143857,"z":-0.0011714198626577855,"w":0.9807382822036743},"size":18.590991973876954,"orthographic":true}