{"cameraMode":{"drawMode":0,"name":"Shaded","section":"Shading Mode"},"sceneLighting":false,"audioPlay":false,"sceneViewState":{"showFog":true,"showMaterialUpdate":false,"showSkybox":false,"showFlares":true,"showImageEffects":true,"showParticleSystems":true},"in2DMode":false,"pivot":{"x":8.406457901000977,"y":-6.84568452835083,"z":-0.832275390625},"rotation":{"x":-0.14010599255561829,"y":0.07714848220348358,"z":-0.010950651951134205,"w":-0.9870656132698059},"size":17.767667770385743,"orthographic":false}